Symbol,Date,Open,High,Low,Close,Percent Change,Volume,Turnover,Daily_Return,Log_Return,SMA_5,SMA_20,EMA_12,EMA_26,RSI_14,MACD,MACD_Signal,ATR_14,BB_Middle,BB_Std,BB_Upper,BB_Lower,OBV
SANVI,2025-07-20,359.0,394.9,359.0,394.9,10.0,350.0,136429.0,,,,,394.9,394.9,,0.0,0.0,35.89999999999998,,,,,0.0
SANVI,2025-07-21,388.7,434.3,388.7,434.3,9.98 %,450.0,193508.0,0.09977209420106359,0.09510297124817248,,,400.96153846153845,397.81851851851854,99.99999999746193,3.143019943019908,0.6286039886039817,36.59285714285713,,,,,450.0
SANVI,2025-07-22,442.9,477.7,442.9,477.7,9.99,500.0,237994.0,0.09993092332489062,0.09524738085513997,,,412.76745562130174,403.7356652949246,99.9999999974802,9.03179032637712,2.3092412561586095,37.07908163265305,,,,,950.0
SANVI,2025-07-23,487.2,525.4,487.2,525.4,9.99,710.0,372096.0,0.09985346451747956,0.0951769568555233,,,430.0955393718707,412.74783823604133,99.99999999751603,17.347701135829368,5.316933232092762,37.83771865889212,,,,,1660.0
SANVI,2025-07-24,535.9,577.9,535.9,577.9,9.99 %,690.0,397721.0,0.09992386752950133,0.0952409660722928,482.03999999999996,,452.8346871608137,424.9813317000383,99.99999999756884,27.85335546077539,9.824217677829289,38.88502446897126,,,,,2350.0
SANVI,2025-07-27,589.4,635.6,589.4,635.6,9.98 %,1170.0,742517.0,0.09984426371344535,0.09516859133882873,530.18,,480.9524275976116,440.58271453707255,99.99999999763682,40.36971306053903,15.933316754371237,40.22895129261617,,,,,3520.0
SANVI,2025-07-28,648.0,699.1,648.0,699.1,9.99 %,2644.0,1847131.8,0.09990560100692258,0.09522435885537855,583.1400000000001,,514.5135925825944,459.732143089882,99.9999999977184,54.78144949271234,23.702943302039458,41.8911690574293,,,,,6164.0
SANVI,2025-07-29,713.0,769.0,713.0,769.0,10.00 %,3416.0,2625469.8,0.09998569589472184,0.09529717598770454,641.4,,553.6653475698876,482.6408732313722,99.9999999978114,71.02447433851535,33.16724950933464,43.8917998390415,,,,,9580.0
SANVI,2025-07-30,784.3,845.9,784.3,845.9,10.0,4200.0,3546923.5,0.09999999999999987,0.09531017980432474,705.5,,598.624524866828,509.54895669571505,99.9999999979132,89.07556817111293,44.3489132416903,46.2495284219671,,,,,13780.0
SANVI,2025-07-31,862.8,930.4,845.9,891.5,5.39,279583.0,249481931.4,0.05390708121527377,0.05250428799322635,768.22,,643.6822902719314,537.8416265701065,99.99999999790597,105.84066370182484,56.647263333717206,48.98170496325516,,,,,293363.0
SANVI,2025-08-03,900.0,900.0,802.4,802.4,-9.99,216419.0,177676816.9,-0.09994391475042064,-0.10529820065546933,801.5799999999999,,668.100399460865,557.438543120469,87.44914639620168,110.66185634039596,67.45018193505297,52.45444032302265,,,,,76944.0
SANVI,2025-08-04,787.0,830.0,729.0,778.73,-2.95,185618.0,140552114.6,-0.029499002991026924,-0.029942849058841342,817.506,,685.1203380053473,573.8305028893232,84.41795520997255,111.28983511602416,76.21811257124722,55.92198029994961,,,,,-108674.0
SANVI,2025-08-05,770.0,800.0,753.0,760.53,-2.34 %,47554.0,36465315.2,-0.023371386745084988,-0.02364882893582282,815.812,,696.7218244660631,587.6600952678917,82.06257665088661,109.0617291981714,82.78683589663206,55.28469599281035,,,,,-156228.0
SANVI,2025-08-06,775.0,812.0,751.0,794.65,4.49 %,54477.0,42826017.8,0.044863450488475065,0.04388620748976686,805.5619999999999,,711.7876976251302,602.9926808036034,83.01912780515602,108.79501682152681,87.98847208161101,55.692931993323896,,,,,-101751.0
SANVI,2025-08-07,790.0,800.0,770.0,773.14,-2.71 %,54284.0,42338593.3,-0.02706852073239785,-0.027441621405791893,781.89,,721.2265133751102,615.5961859292624,80.11846766125379,105.6303274458478,91.51684315445837,53.85772256522934,,,,,-156035.0
SANVI,2025-08-11,773.7,773.7,741.9,747.32,-3.34 %,56104.0,42323797.0,-0.03339628010450879,-0.03396667114539985,770.874,,725.2408959327856,625.3535054900578,76.65615545836556,99.88739044272779,93.19095261211226,52.282170953427254,,,,,-212139.0
SANVI,2025-08-12,745.0,748.0,721.0,723.42,-3.20 %,48465.0,35418004.7,-0.03198094524433992,-0.03250350723436241,759.812,,724.9607580969724,632.6176902685721,73.49030785527782,92.34306782840031,93.02137565536987,50.47630159961103,,,,,-260604.0
SANVI,2025-08-13,715.4,729.0,710.2,713.54,-1.37 %,28119.0,20194429.1,-0.013657349810621722,-0.01375146934394523,750.414,,723.2037183897459,638.6119354338631,72.16351124216507,84.59178295588276,91.33545711547245,48.21370862821024,,,,,-288723.0
SANVI,2025-08-14,713.0,719.0,703.0,704.89,-1.21 %,33064.0,23387648.8,-0.012122656052919178,-0.012196734743547004,732.4620000000001,,720.3862232528619,643.5214216980214,70.95568262180367,76.86480155484048,88.44132600334606,45.912729440480945,,,,,-321787.0
SANVI,2025-08-17,700.0,705.0,670.2,673.74,-4.42,52306.0,35738071.1,-0.04419129225836649,-0.045197482457279725,712.582,686.183,713.20988121396,645.7598349055753,66.63065982664709,67.45004630838469,84.24307006435379,45.118963051875156,686.183,137.62727051905927,961.4375410381185,410.92845896188146,-374093.0
SANVI,2025-08-18,670.0,690.0,661.0,680.44,0.99,25769.0,17514847.8,0.00994448897200706,0.009895367928879836,699.206,700.46,708.1683610271969,648.3287360236809,67.0952407478922,59.83962500351595,79.36238105218622,43.967608548169785,700.46,119.42727088725988,939.3145417745197,461.6054582254803,-348324.0
SANVI,2025-08-19,675.0,741.0,675.0,727.93,6.98 %,50197.0,36009988.5,0.06979307506907273,0.06746524198607243,700.108,715.1415,711.2086131768589,654.2251259478527,70.25622208485932,56.98348722900619,74.88660228755022,45.54135079472909,715.1415,101.72126881439561,918.5840376287912,511.6989623712087,-298127.0
SANVI,2025-08-20,730.0,748.9,715.5,722.74,-0.71,35038.0,25713375.4,-0.007129806437432107,-0.007155344969609856,701.9480000000001,727.3935,712.9826726881113,659.3003018035673,69.47077804479892,53.68237088454396,70.64575600694897,44.67411145224845,727.3935,84.99973846863794,897.3929769372759,557.3940230627242,-333165.0
SANVI,2025-08-21,720.0,731.5,716.1,729.67,0.96 %,21206.0,15331724.4,0.009588510391011829,0.00954283238249926,706.9040000000001,737.6070000000001,715.5499538130172,664.5128720403401,69.95380404801676,51.037081772677084,66.7240211600946,42.58310349137356,737.6070000000001,70.48391082554348,878.5748216510871,596.6391783489131,-311959.0
SANVI,2025-08-24,720.1,722.0,698.8,700.6,-3.98,30382.0,21503655.9,-0.0398399276385214,-0.04065526637695763,712.2760000000001,743.742,713.2499609187068,667.1859926299445,65.28741715780703,46.06396828876234,62.59201058582815,41.746453241989734,743.742,60.48143678674869,864.7048735734974,622.7791264265026,-342341.0
SANVI,2025-08-25,705.0,710.0,690.1,704.65,0.58,15757.0,11063441.0,0.00578075934912925,0.005764114874133554,717.118,747.1945000000001,711.9268900081365,669.9611042869857,65.63139148583898,41.96578572115084,58.46676561289269,40.18599229613333,747.1945000000001,55.77076054094828,858.7360210818966,635.6529789181035,-326584.0
SANVI,2025-08-26,705.0,726.2,696.0,711.06,0.91,21854.0,15626912.0,0.009096714681047224,0.00905558879089209,713.744,747.7925,711.7935223145771,673.0054669323941,66.20223203009559,38.78805538218296,54.53102356675075,39.47270713212381,747.7925,55.289975285808076,858.3724505716161,637.2125494283839,-304730.0
SANVI,2025-08-27,725.1,725.1,701.0,711.02,-0.01 %,18576.0,13214000.5,-5.6254043259262865e-05,-5.625562557729584e-05,711.4,744.8935,711.6745188815652,675.8213582707353,66.19484340420112,35.85316061082983,50.79545097556657,38.3746566226864,744.8935,55.638409988537916,856.1703199770759,633.6166800229241,-323306.0
SANVI,2025-08-28,710.0,720.0,695.1,696.08,-2.1,27352.0,19218534.2,-0.021012067171106263,-0.021235962545065847,704.682,737.4025,709.2753621305551,677.321998398829,63.35091150699544,31.953363731726085,47.027033526798476,37.41218114963737,737.4025,51.23483794974711,839.8721758994942,634.9328241005059,-350658.0
SANVI,2025-08-31,700.0,700.0,678.1,680.78,-2.2,23562.0,16091696.4,-0.021980232157223445,-0.022225396633413472,700.718,726.8665,704.8914602643159,677.5781466655824,60.48496560780649,27.313313598733544,43.08428954118549,36.304168210377554,726.8665,37.77710658377781,802.4207131675556,651.3122868324443,-374220.0
SANVI,2025-09-01,670.0,680.0,670.0,674.65,-0.9,18680.0,12578017.8,-0.009004377331883973,-0.00904516174755928,694.718,720.4789999999999,700.2389279159596,677.3612469125763,59.32693311505442,22.87768100338326,39.04296783362505,34.481013338207724,720.4789999999999,35.03407062004827,790.5471412400965,650.4108587599034,-392900.0
SANVI,2025-09-02,669.0,673.0,661.0,663.41,-1.67,15907.0,10610937.0,-0.016660490624768376,-0.016800837615530344,685.1879999999999,714.713,694.5729390058119,676.3278212153485,57.165710837948545,18.245117790463382,34.88339782499272,32.99308381405003,714.713,34.42695747597561,783.5669149519512,645.8590850480488,-408807.0
SANVI,2025-09-03,670.0,675.0,650.0,650.32,-1.97,24222.0,15848943.0,-0.019731387829547198,-0.019928650822948934,673.048,709.2025000000001,687.7647945433794,674.4013159401376,54.66801879125145,13.363478603241788,30.579413980642535,32.422149255903605,709.2025000000001,35.51059247086113,780.2236849417224,638.1813150582778,-433029.0
SANVI,2025-09-04,645.0,645.0,630.0,634.25,-2.47 %,28262.0,17922049.4,-0.024710911551236392,-0.025021350958925704,660.682,701.1825,679.5317492290134,671.4271443890163,51.68257863280797,8.104604839997023,26.084452152513432,31.557710023339066,701.1825,33.236976376984245,767.6564527539686,634.7085472460315,-461291.0
SANVI,2025-09-07,637.0,652.0,618.4,619.93,-2.26,20187.0,12631988.3,-0.02257784785179351,-0.022836630040109492,648.512,693.522,670.3622493476266,667.612541100941,49.10894082793497,2.7497082466856,21.41750337134787,31.70358787881485,693.522,33.434663009013754,760.3913260180276,626.6526739819725,-481478.0
SANVI,2025-09-08,620.0,620.0,595.3,599.19,-3.35,23406.0,14156469.2,-0.03345539012469134,-0.03402782529409156,633.42,686.1155,659.4126725249148,662.5442047230935,45.56955083478037,-3.131532198178661,16.507696257442564,31.20333160175665,686.1155,37.09648422481705,760.3084684496341,611.9225315503659,-504884.0
SANVI,2025-09-18,590.0,590.0,544.0,544.0,-9.21 %,2090.0,1205145.0,-0.09210767869957781,-0.09662949628924752,609.538,677.1445,641.656876751851,653.7631525213828,37.76878575469579,-12.106275769531862,10.78490185204768,32.916665058774036,677.1445,47.76171473548324,772.6679294709664,581.6210705290335,-506974.0
SANVI,2025-09-21,545.0,593.0,536.0,588.71,8.22,33380.0,19215782.6,0.08218750000000008,0.07898445561460413,597.216,670.903,633.5112034054123,648.9444004827619,45.85507330137864,-15.433197077349632,5.541282066168218,34.63690326886161,670.903,50.81408239330584,772.5311647866117,569.2748352133883,-473594.0
SANVI,2025-09-23,600.0,627.0,590.0,615.7,4.58,20026.0,12359080.2,0.04584600227616309,0.04482612944661773,593.5060000000001,666.4435,630.7710182661182,646.4818522988537,50.072644001806864,-15.710834032735534,1.2908588463874677,34.89783874965721,666.4435,51.58225962632777,769.6080192526555,563.2789807473445,-453568.0
SANVI,2025-09-24,617.0,618.0,605.1,609.9,-0.94,12338.0,7539306.5,-0.00942017216176716,-0.009464822614753872,591.5,663.2515000000001,627.560092379023,643.7720854619016,49.185986726091485,-16.21199308287862,-2.20971153946575,33.32656455325313,663.2515000000001,53.061043225306854,769.3735864506137,557.1294135493864,-465906.0
SANVI,2025-09-25,609.0,618.0,600.0,613.0,0.51,12111.0,7355201.4,0.0050828004590917075,0.005069926633800812,594.2620000000001,659.8795,625.3200781668655,641.492671723983,49.6986746283624,-16.172593557117466,-5.002287942996094,32.23180994230648,659.8795,54.04499728296576,767.9694945659315,551.7895054340685,-453795.0
SANVI,2025-09-28,613.0,636.9,613.0,636.9,3.9,12532.0,7842562.2,0.038988580750407786,0.03824772144110866,612.842,655.328,627.1016046027323,641.1524738185028,53.58673156571939,-14.05086921577049,-6.812004197550974,31.636680660713157,655.328,51.79881969799359,758.9256393959872,551.7303606040127,-441263.0
SANVI,2025-10-07,624.2,624.2,588.0,604.9,-5.02,21790.0,13142930.6,-0.05024336630554249,-0.05154950226445157,616.08,649.4359999999999,623.6859731253888,638.4671053875026,48.213243397273246,-14.781132262113715,-8.405829810463523,32.86977489923365,649.4359999999999,50.41069690160262,750.2573938032051,548.6146061967947,-463053.0
SANVI,2025-10-08,604.0,607.0,585.2,594.0,-1.8,18071.0,10704204.4,-0.01801950735658786,-0.018183835750223625,611.74,642.6524999999999,619.1189003368675,635.173245729169,46.50268365100807,-16.05434539230157,-9.935532926831133,32.07907669214553,642.6524999999999,48.12203061242472,738.8965612248494,546.4084387751504,-481124.0
SANVI,2025-10-09,594.0,642.0,590.0,597.8,0.64,17358.0,10516549.8,0.0063973063973064015,0.006376930487192561,609.32,637.5125,615.8390695158109,632.404857156638,47.20591616015656,-16.56578764082701,-11.261583869630309,33.501999785563704,637.5125,47.085760935708784,731.6840218714176,543.3409781285825,-463766.0
SANVI,2025-10-12,590.0,590.1,575.1,579.0,-3.14,16613.0,9672516.4,-0.03144864503178313,-0.031953772276842166,602.5200000000001,631.2299999999999,610.1715203595323,628.4489418117018,44.11616415447013,-18.277421452169506,-12.66475138613815,32.73042837230915,631.2299999999999,46.02698373322901,723.283967466458,539.1760325335418,-480379.0
SANVI,2025-10-13,588.9,590.0,570.0,586.0,1.21,7085.0,4126123.4,0.012089810017271052,0.012017312004017268,592.3399999999999,624.977,606.4528249196043,625.3045757515757,45.54534464748749,-18.851750831971458,-13.902151275304814,31.82111206000135,624.977,43.0067958032581,710.9905916065162,538.9634083934837,-473294.0
SANVI,2025-10-14,588.0,595.0,575.0,580.0,-1.02,10612.0,6182791.6,-0.010238907849829393,-0.010291686036547636,587.36,618.4259999999999,602.3831595473575,621.948681251459,44.494957115734664,-19.565521704101457,-15.034825361064144,30.976746912858395,618.4259999999999,39.002918838142335,696.4318376762847,540.4201623237152,-483906.0
SANVI,2025-10-15,580.0,590.0,560.1,574.0,-1.03,6141.0,3490240.5,-0.010344827586206917,-0.010398707220898622,583.36,612.3219999999999,598.0165196169949,618.3969270846842,43.416640095927036,-20.380407467689338,-16.10394178238918,30.899836419082792,612.3219999999999,35.61613717640366,683.5542743528072,541.0897256471926,-490047.0
SANVI,2025-10-16,572.0,573.0,561.0,563.2,-1.88,5651.0,3192867.0,-0.01881533101045285,-0.018994591475733662,576.4399999999999,606.443,592.660131983611,614.308265819152,41.46853857136315,-21.64813383554099,-17.212780193019544,29.621276674862592,606.443,33.35368331273622,673.1503666254724,539.7356333745275,-495698.0
SANVI,2025-10-19,562.0,563.2,555.0,559.9,-0.59,6609.0,3694553.2,-0.005859375000000111,-0.005876608488985154,572.62,600.7054999999999,587.62011167844,610.2780239066223,40.86516881174116,-22.657912228182226,-18.301806600052082,28.091185483800984,600.7054999999999,30.77300037969007,662.2515007593801,539.1594992406198,-502307.0
SANVI,2025-10-26,550.3,563.0,550.1,563.0,0.55,4004.0,2222543.7,0.005536702982675612,0.005521431784842912,568.0200000000001,595.685,583.8324021894492,606.7759480616872,41.7229855989279,-22.94354587223802,-19.23015445448927,27.00610080638663,595.685,28.077257607124434,651.8395152142488,539.5304847857511,-498303.0
SANVI,2025-10-28,562.1,595.0,562.1,594.0,5.51,12290.0,7155257.8,0.05506216696269983,0.053599691222954556,570.82,592.8689999999999,585.396648006457,605.8295815385993,49.59693797993346,-20.43293353214233,-19.470710270019882,27.42709360593044,592.8689999999999,24.960573521582003,642.7901470431639,542.947852956836,-486013.0
SANVI,2025-10-29,593.0,610.0,578.7,590.0,-0.67,20975.0,12514505.5,-0.006734006734006703,-0.0067567824628797625,574.0200000000001,590.6564999999999,586.1048560054636,604.6570199431475,48.68291927475377,-18.552163937683872,-19.28700100355268,27.703729776935404,590.6564999999999,22.98227607137809,636.6210521427561,544.6919478572438,-506988.0
SANVI,2025-10-30,585.0,612.0,580.2,603.0,2.2,17537.0,10504095.5,0.02203389830508473,0.021794659827420293,581.98,589.81,588.7041089277,604.5342777251365,51.792372454927104,-15.8301687974365,-18.595634562329444,27.9963205071543,589.81,22.143798228849214,634.0975964576984,545.5224035423015,-489451.0
SANVI,2025-11-02,601.0,618.9,601.0,617.0,2.32,17364.0,10625015.7,0.023217247097844007,0.02295182717820227,593.4,590.7005,593.0573229388231,605.4576645603115,54.957654699224975,-12.400341621488451,-17.356575974161245,27.275154756643282,590.7005,22.886516479773256,636.4735329595466,544.9274670404535,-472087.0
SANVI,2025-11-03,610.0,624.5,600.0,608.0,-1.46,18997.0,11471327.4,-0.014586709886547866,-0.014694141939220862,602.4,593.9005,595.3561963328502,605.6459857039922,52.56809398034943,-10.289789371141978,-15.943218653557393,27.076929416883047,593.9005,20.346467551938602,634.5934351038771,553.2075648961228,-491084.0
SANVI,2025-11-04,608.0,620.0,591.1,594.6,-2.2,8077.0,4865696.7,-0.022039473684210442,-0.022285971402169615,602.52,594.1949999999999,595.2398584354887,604.8277645407336,49.14207074184981,-9.587906105244883,-14.672156143894892,27.207148744248542,594.1949999999999,20.309978750409623,634.8149575008192,553.5750424991807,-499161.0
SANVI,2025-11-05,585.0,600.0,585.0,596.0,0.24,6435.0,3816381.7,0.0023545240497813147,0.0023517565013524023,603.72,593.21,595.3568032915674,604.1738560562349,49.512292251501364,-8.817052764667437,-13.501135468049402,26.335209548230793,593.21,19.68007006833873,632.5701401366775,553.8498598633225,-492726.0
SANVI,2025-11-06,595.0,606.0,586.0,589.7,-1.06,6502.0,3836841.0,-0.010570469798657611,-0.010626734058891201,601.0600000000001,592.2,594.4865258620955,603.1017185705878,47.825131948256626,-8.615192708492259,-12.523946916137975,25.882694580500022,592.2,19.292976633179407,630.7859532663589,553.6140467336412,-499228.0
SANVI,2025-11-09,589.0,589.0,576.0,577.0,-2.15,10456.0,6071121.0,-0.021536374427675198,-0.021771666498359,593.0600000000001,590.4,591.7962911140808,601.1682579357295,44.530910820365456,-9.371966821648698,-11.89355089724012,25.01250211046431,590.4,18.9261167368488,628.2522334736976,552.5477665263023,-509684.0
SANVI,2025-11-10,577.0,588.5,571.0,573.0,-0.69,5551.0,3203029.1,-0.006932409012131768,-0.00695654979336005,586.0600000000001,587.205,588.9045540196068,599.0817203108606,43.514266148534475,-10.177166291253798,-11.550273976042856,24.475894816859718,587.205,15.79825023622248,618.801500472445,555.6084995275551,-515235.0
SANVI,2025-11-11,573.0,599.0,568.1,589.9,2.95,18696.0,10961230.6,0.02949389179755668,0.02906731429428999,585.12,586.455,589.057699555052,598.4015928804265,48.82968062496528,-9.343893325374552,-11.108997845909197,24.93475947279831,586.455,15.260905505313032,616.9768110106261,555.933188989374,-496539.0
SANVI,2025-11-12,582.0,590.0,580.0,580.0,-1.68,10479.0,6112549.0,-0.016782505509408296,-0.01692492746856449,581.92,585.755,587.6642073158132,597.0385119263208,46.09334265487174,-9.37430461050758,-10.762059198828876,23.867990939027003,585.755,15.217630875851633,616.1902617517032,555.3197382482967,-507018.0
SANVI,2025-11-13,574.3,590.0,572.0,580.0,0.0,8451.0,4895312.0,0.0,0.0,579.9799999999999,584.865,586.4850984979958,595.7763999317784,46.093342654590764,-9.291301433782678,-10.467907645819638,23.4488487290965,584.865,14.994991269016605,614.8549825380333,554.8750174619668,-507018.0
SANVI,2025-11-16,578.0,580.0,568.0,571.5,-1.47,11853.0,6767722.9,-0.014655172413793105,-0.014763620305599676,578.8799999999999,584.49,584.1796987290734,593.97814808498,43.657241900904324,-9.798449355906655,-10.334015987837041,22.631073819875322,584.49,15.241145833426673,614.9722916668534,554.0077083331466,-518871.0
SANVI,2025-11-17,570.0,579.9,566.0,577.0,0.96,11080.0,6350352.8,0.00962379702537186,0.009577783273234247,579.68,584.0400000000001,583.0751296938313,592.7205074860926,45.65856226172571,-9.645377792261343,-10.196288348721902,22.007425689884226,584.0400000000001,15.326839204480162,614.6936784089604,553.3863215910397,-507791.0
SANVI,2025-11-18,577.0,587.5,568.1,583.5,1.13,10074.0,5870211.0,0.011265164644713943,0.01120218521851102,578.4,584.215,583.1404943563188,592.0375069315672,48.00896520818408,-8.897012575248482,-9.936433194027218,21.821180997749636,584.215,15.298237772611536,614.8114755452231,553.618524454777,-497717.0
SANVI,2025-11-19,571.9,641.8,571.9,641.8,9.99,107443.0,66831005.4,0.09991431019708652,0.0952322769491458,590.76,587.605,592.1650336861159,595.7236175292289,63.32935036234618,-3.5585838431130696,-8.660863323844389,25.255382355053232,587.605,19.77309376000863,627.1511875200173,548.0588124799827,-390274.0
SANVI,2025-11-20,641.0,688.0,638.0,644.0,0.34,68012.0,45346502.4,0.003427859146151624,0.0034219974285972935,603.5600000000001,591.645,600.1396438882518,599.2996458603972,63.76328947634763,0.8399980278546764,-6.760691053504575,27.022855043978005,591.645,22.579554678373718,636.8041093567474,546.4858906432526,-322262.0
SANVI,2025-11-23,644.0,652.8,610.0,639.0,-0.78,35013.0,22337541.1,-0.00776397515527949,-0.007794271726818797,617.0600000000001,595.6,606.1181602131362,602.2404128337012,61.968501321825286,3.87774737943505,-4.63300336691665,28.149793969408144,595.6,23.629597853895525,642.8591957077911,548.340804292209,-357275.0
SANVI,2025-11-24,626.3,664.0,626.3,645.0,0.94,48035.0,31304758.1,0.009389671361502261,0.009345862418237599,630.6600000000001,599.7,612.0999817188076,605.4077896608345,63.303358286328184,6.692192057973102,-2.3679642819386997,28.83195154302185,599.7,24.762237803813516,649.224475607627,550.1755243923731,-309240.0
SANVI,2025-11-25,650.0,661.0,635.0,649.0,0.62,43294.0,27914249.3,0.006201550387596955,0.00618239990831756,643.76,602.45,617.7769076082218,608.6368422785504,64.20535058491521,9.140065329671415,-0.06635835961667658,28.629669289948865,602.45,27.044748493055163,656.5394969861104,548.3605030138897,-265946.0
SANVI,2025-11-26,639.0,665.0,638.0,657.0,1.23,36267.0,23633667.5,0.012326656394453073,0.012251301780520585,646.8,605.8,623.8112295146492,612.2192984060651,66.00507211084583,11.591931108584049,2.2652995340234687,28.5132643406668,605.8,29.462911565130707,664.7258231302613,546.8741768697386,-229679.0
SANVI,2025-11-27,656.0,671.0,644.1,668.0,1.67,32111.0,21242106.3,0.016742770167427645,0.01660415505203516,651.6,609.05,630.6095018970109,616.3512022278381,68.36067354028287,14.258299669172743,4.663899561053324,28.398031173476316,609.05,32.56002553988355,674.1700510797671,543.9299489202328,-197568.0
SANVI,2025-11-30,662.0,680.0,648.0,650.0,-2.69,43075.0,28608987.6,-0.026946107784431184,-0.02731581064696298,653.8,610.7,633.5926554513169,618.8437057665168,60.921529213790464,14.748949684800095,6.680909585802679,28.65531466108515,610.7,33.79676097840667,678.2935219568134,543.1064780431867,-240643.0
SANVI,2025-12-01,645.0,655.0,638.9,640.0,-1.54,26295.0,16959936.7,-0.01538461538461533,-0.015504186535965199,652.8,612.3,634.5784007664989,620.4108386727007,57.19755798495055,14.16756209379821,8.178240087401786,27.758506471007642,612.3,34.41404242150935,681.1280848430187,543.4719151569813,-266938.0
SANVI,2025-12-02,640.0,676.0,640.0,668.5,4.45,32645.0,21583689.9,0.04453124999999991,0.04356822018828024,656.7,615.995,639.7971083408837,623.9729987710191,63.959295867018746,15.824109569864618,9.707413983894353,28.34718458022138,615.995,36.32766779423626,688.6503355884726,543.3396644115275,-234293.0
SANVI,2025-12-03,660.0,720.0,660.0,693.0,3.66,112755.0,78285035.6,0.03664921465968596,0.03599360264790545,663.9,620.845,647.9821685961324,629.0861099731659,68.55772643544498,18.896058622966507,11.545142911708785,30.608099967348426,620.845,39.82448962239413,700.4939792447883,541.1960207552117,-121538.0
SANVI,2025-12-07,680.0,690.6,667.1,673.0,-2.89,39308.0,26552074.6,-0.028860028860028808,-0.029284669545175373,664.9,625.01,651.831065735189,632.3389907158944,61.64337614826106,19.49207501929459,13.134529333225947,30.27180711253782,625.01,40.741158550045746,706.4923171000914,543.5276828999085,-160846.0
SANVI,2025-12-08,660.0,682.0,660.0,677.0,0.59,38149.0,25759521.5,0.005943536404160454,0.005925943267547168,670.3,630.01,655.7032094682369,635.6472136258282,62.45886319894512,20.05599584240872,14.518822635062502,29.68096374735655,630.01,40.67522069942991,711.3604413988598,548.6595586011401,-122697.0
SANVI,2025-12-09,668.4,688.9,665.0,670.0,-1.03,22570.0,15222927.2,-0.010339734121122546,-0.010393560527263195,676.3,634.8599999999999,657.9027157038928,638.1918644683594,60.05266331860289,19.71085123553337,15.557228355156676,29.26803776540251,634.8599999999999,39.27876619350679,713.4175323870135,556.3024676129863,-145267.0
SANVI,2025-12-10,656.6,705.0,645.0,648.8,-3.16,36568.0,24137337.5,-0.03164179104477616,-0.032153209583808615,672.3599999999999,637.8050000000001,656.5022979032939,638.977652285518,53.349353525387144,17.524645617775832,15.950711807680507,31.463177925016616,637.8050000000001,37.914772499438406,713.6345449988769,561.9754550011232,-181835.0
SANVI,2025-12-11,635.9,674.0,635.9,637.7,-1.71,30132.0,19358987.1,-0.017108508014796353,-0.017256549479977026,661.3,640.6899999999999,653.6096366874025,638.8830113754797,50.19035730397061,14.726625311922817,15.70589450852897,31.937236644658288,640.6899999999999,35.3964003522208,711.4828007044415,569.8971992955584,-211967.0
SANVI,2025-12-14,637.0,647.0,630.0,630.0,-1.21,31643.0,20114895.6,-0.012074643249176842,-0.012148133935647685,652.7,643.1899999999999,649.9773848893406,638.2250105328515,48.0642060922777,11.7523743564891,14.915190478120998,30.87029117003984,643.1899999999999,32.534352694699756,708.2587053893994,578.1212946106004,-243610.0
SANVI,2025-12-15,617.4,640.0,617.4,640.0,1.59,40023.0,25231257.9,0.015873015873015817,0.015748356968139112,645.3,646.615,648.4424025986727,638.3564912341217,50.969146781293595,10.085911364551066,13.949334655407013,30.279556086465572,646.615,27.859899025017473,702.3347980500349,590.8952019499651,-203587.0
SANVI,2025-12-16,632.0,660.0,631.0,655.0,2.34,30784.0,19973561.0,0.0234375,0.02316705928153438,642.3,650.515,649.4512637373384,639.5893437352978,55.03216196582861,9.86192000204062,13.131851724733735,30.188159223146606,650.515,22.55655523812278,695.6281104762455,605.4018895237544,-172803.0
SANVI,2025-12-17,641.9,667.9,641.9,655.0,0.0,35349.0,23325110.4,0.0,0.0,643.5400000000001,654.0899999999999,650.3049154700557,640.7308738289794,55.03216196550119,9.574041641076292,12.420289708002247,29.88900499292185,654.0899999999999,16.125589340514182,686.3411786810283,621.8388213189716,-172803.0
SANVI,2025-12-18,641.9,657.0,636.0,642.0,-1.98,30679.0,19766210.2,-0.01984732824427482,-0.020046931945290756,644.4,654.1,649.0272361669702,640.8248831749809,50.80088248969545,8.2023529919893,11.576702364799658,29.254076064856005,654.1,16.117626833277885,686.3352536665558,621.8647463334443,-203482.0
SANVI,2025-12-21,631.0,640.0,627.0,635.0,-1.09,34781.0,21958255.9,-0.010903426791277204,-0.010963304797269471,645.4,653.65,646.8691998335902,640.3934103472045,48.632570683129934,6.475789486385679,10.556519789116862,28.23592777450915,653.65,16.534700353784185,686.7194007075683,620.5805992924317,-238263.0
SANVI,2025-12-22,628.09,647.7,621.1,627.1,-1.24,23581.0,14867610.13,-0.012440944881889737,-0.012518981343716479,642.8199999999999,653.0550000000001,643.8277844745763,639.4087132844486,46.23414092001958,4.419071190127738,9.329030069319037,28.119075790615643,653.0550000000001,17.286638436116196,687.6282768722325,618.4817231277676,-261844.0
SANVI,2025-12-23,623.0,644.0,623.0,643.0,2.54,18498.0,11759377.6,0.025354807845638705,0.025038706688644295,640.42,652.955,643.7004330169492,639.6747345226377,51.426383065686124,4.025698494311541,8.268363754317539,27.61057037700024,652.955,17.34138569707433,687.6377713941487,618.2722286058514,-243346.0
SANVI,2025-12-24,631.0,648.0,631.0,636.0,-1.09,23230.0,14862617.6,-0.010886469673405896,-0.01094616089749723,636.62,652.3050000000001,642.5157510143416,639.4025319654053,49.174856631531576,3.113219048936344,7.237334813241301,26.852672492928797,652.3050000000001,17.736565709230522,687.7781314184612,616.831868581539,-266576.0
SANVI,2025-12-28,636.0,652.0,636.0,650.0,2.2,32022.0,20737814.0,0.022012578616352307,0.021773799549560754,638.22,651.955,643.6671739352121,640.1875295975975,53.554598086958165,3.479644337614559,6.485796718115952,26.07748160057674,651.955,17.70808542654009,687.3711708530802,616.5388291469199,-234554.0
SANVI,2025-12-29,650.0,661.0,641.3,645.0,-0.77,25390.0,16460422.6,-0.007692307692307665,-0.007722046093910278,640.22,650.8050000000001,643.8722240990256,640.5440088866644,51.83656038537786,3.328215212361215,5.854280416965005,25.621947200535548,650.8050000000001,17.354552716793297,685.5141054335867,616.0958945664134,-259944.0
SANVI,2025-12-31,640.0,659.8,640.0,657.0,1.86,38117.0,24923805.0,0.018604651162790642,0.018433701688837966,646.2,651.155,645.8918819299448,641.7629711913559,55.52425604316151,4.1289107385889565,5.509206481289795,25.20609382906872,651.155,17.40796777642987,685.9709355528597,616.3390644471402,-221827.0
SANVI,2026-01-01,655.0,690.0,651.3,677.9,3.18,109174.0,73831023.8,0.03181126331811268,0.03131576595230946,653.1800000000001,653.05,650.8162077868764,644.4397881401443,61.10937270315341,6.376419646732074,5.682649114378251,26.16994426984953,653.05,18.175677790878993,689.4013555817579,616.698644418242,-112653.0
SANVI,2026-01-04,677.9,740.0,671.1,740.0,9.16,164596.0,116101078.6,0.0916064316270837,0.08765040176129557,673.98,656.625,664.53679120428,651.5183223519854,72.25718322860041,13.018468852294632,7.149813061961528,29.22209110771742,656.625,26.499987586888025,709.6249751737761,603.6250248262239,51943.0
SANVI,2026-01-05,754.8,786.9,740.0,784.0,5.95,151257.0,116276766.3,0.05945945945945952,0.05775883415219247,700.78,661.175,682.9157464036216,661.331779955542,77.23612062477392,21.58396644807965,10.036643739185152,30.484798885737604,661.175,38.27183759151806,737.7186751830361,584.6313248169638,203200.0
SANVI,2026-01-06,786.0,800.0,740.0,740.0,-5.61,84441.0,64422109.8,-0.056122448979591844,-0.05775883415219242,719.78,664.525,691.6979392646028,667.1590555143906,64.72628805678563,24.53888375021222,12.937091741390566,32.593027536756345,664.525,42.10202989230552,748.729059784611,580.320940215389,118759.0
SANVI,2026-01-07,725.2,755.0,715.0,735.0,-0.68,199155.0,146164937.6,-0.006756756756756799,-0.006779686985378804,735.38,667.425,698.3597947623563,672.1843106614729,63.46826192717919,26.17548410088341,15.584770213289136,33.12209699841661,667.425,44.91040056542943,757.2458011308588,577.6041988691411,-80396.0
SANVI,2026-01-08,721.0,800.0,721.0,795.0,8.16,205667.0,158958116.7,0.08163265306122458,0.07847161544149531,758.8,673.675,713.2275186450706,681.2817691309934,70.80203507221964,31.945749514077193,18.85696607344675,36.39909006995828,673.675,53.21724962730311,780.1094992546061,567.2405007453938,125271.0
SANVI,2026-01-12,795.0,850.0,785.1,830.0,4.4,247910.0,203820456.0,0.04402515723270439,0.0430835861363117,776.8,682.7349999999999,731.1925157765983,692.2979343805496,74.07189661629359,38.89458139604869,22.86448913796714,38.43486935067554,682.7349999999999,63.23993803885208,809.214876077704,556.2551239222958,373181.0
SANVI,2026-01-13,830.0,845.0,806.0,835.0,0.6,182364.0,150688486.3,0.006024096385542244,0.006006024060211949,787.0,692.6,747.1628979648139,702.8684577597681,74.51104914139665,44.2944402050457,27.150479351382856,38.47523582562729,692.6,70.78381468282552,834.167629365651,551.032370634349,555545.0
SANVI,2026-01-14,838.0,855.0,812.0,825.0,-1.2,116172.0,96925158.3,-0.0119760479041916,-0.01204833851617448,804.0,702.35,759.1378367394578,711.915238666452,71.88852854192477,47.222598073005884,31.164903095707462,38.79843326665391,702.35,75.01100620996583,852.3720124199317,552.3279875800683,439373.0
SANVI,2026-01-18,815.0,850.6,815.0,827.0,0.24,176620.0,147263723.2,0.00242424242424244,0.0024213086890103454,822.4,711.7,769.578169548772,720.4400358022704,72.10003158473907,49.138133746501694,34.75954922586631,38.56997374760721,711.7,78.4078473516251,868.5156947032502,554.8843052967499,615993.0
SANVI,2026-01-20,835.0,848.0,820.0,824.0,-0.36,215879.0,180078199.0,-0.0036275695284159193,-0.0036341651142195734,828.2,720.15,777.950758848961,728.1111442613615,71.23427068805411,49.8396145875995,37.77556229821295,37.81497562277812,720.15,81.0381229324878,882.2262458649756,558.0737541350244,400114.0
SANVI,2026-01-21,825.0,833.0,817.0,824.9,0.11,92929.0,76621893.0,0.0010922330097087318,0.0010916369572143087,827.18,728.645,785.1737190260438,735.2806891308902,71.34543420544877,49.89302989515363,40.199055817601085,36.25676307829397,728.645,82.73645842451519,894.1179168490304,563.1720831509696,493043.0
SANVI,2026-01-22,825.0,875.0,816.0,863.0,4.62,220656.0,185718138.7,0.04618741665656456,0.045152524216742054,832.78,739.6949999999999,797.1469930220371,744.7413788248984,75.63758001638979,52.405614197138675,42.640367493508606,37.88128000127298,739.6949999999999,85.27447001794883,910.2439400358976,569.1460599641023,713699.0
SANVI,2026-01-25,865.0,924.9,861.2,888.0,2.9,216421.0,193651038.7,0.028968713789107703,0.02855705190874206,845.3799999999999,752.345,811.1243787109545,755.3531285415727,77.96945659889685,55.7712501693818,45.26654402868324,39.725474286896336,752.345,87.65838282188028,927.6617656437606,577.0282343562394,930120.0
SANVI,2026-01-26,892.0,976.8,870.5,976.8,10.0,374180.0,347699530.4,0.09999999999999987,0.09531017980432474,875.3399999999999,769.83,836.612935832346,771.7566005014562,83.87383193627784,64.8563353308898,49.18450228912455,44.48079755211803,769.83,95.85490185966631,961.5398037193327,578.1201962806674,1304300.0
SANVI,2026-01-27,996.3,1060.0,990.0,995.0,1.86,191610.0,196466648.9,0.018632268632268634,0.018460814362097847,909.54,787.4300000000001,860.9801764735236,788.2931486124594,84.77449736345332,72.68702786106417,53.885007403512475,47.246454869823886,787.4300000000001,103.36332496281437,994.1566499256288,580.7033500743713,1495910.0
SANVI,2026-01-28,995.0,1030.0,981.0,1015.0,2.01,169028.0,170152394.0,0.0201005025125629,0.01990115431729502,947.5600000000001,806.38,884.6755339391353,805.0862487152402,85.71845151395372,79.5892852238951,59.025862967589,47.3717080934079,806.38,108.74174427223595,1023.8634885444719,588.8965114555281,1664938.0
SANVI,2026-01-29,1014.5,1015.0,915.0,915.0,-9.85,214100.0,205434950.7,-0.09852216748768472,-0.10371982620036638,957.96,819.6299999999999,889.3408364100376,813.2280080696669,64.26458194005873,76.1128283403707,62.44325604214534,51.13087180102161,819.6299999999999,104.75608812856623,1029.1421762571324,610.1178237428674,1450838.0
SANVI,2026-02-01,915.0,930.0,863.0,865.0,-5.46,101928.0,91397952.4,-0.05464480874316935,-0.05619455834364194,953.36,830.6299999999999,885.5960923469548,817.0629704348767,56.632365018727825,68.53312191207817,63.66122921613191,52.2643809580915,830.6299999999999,96.69423375830225,1024.0184675166045,637.2415324833954,1348910.0
SANVI,2026-02-02,855.0,951.0,855.0,951.0,9.94,161879.0,149537032.8,0.09942196531791914,0.09478455561351104,948.2,845.3299999999999,895.6582319858849,826.9842318841451,64.45230757284924,68.67400010173981,64.66378339325348,55.38835374679925,845.3299999999999,91.0943646070262,1027.5187292140522,663.1412707859475,1510789.0
SANVI,2026-02-03,970.0,978.9,890.0,907.0,-4.63,105327.0,97584575.8,-0.046267087276551044,-0.04737161243025375,930.6,856.7850000000001,897.4031193726718,832.9113258186529,58.62754239340613,64.49179355401884,64.62938542540655,57.78204276488502,856.7850000000001,82.97479817136572,1022.7345963427315,690.8354036572687,1405462.0
SANVI,2026-02-04,925.0,930.0,875.0,895.0,-1.32,68799.0,61389626.9,-0.013230429988974612,-0.013318731840281203,906.6,864.5350000000001,897.033408699953,837.510486869123,57.11161756972361,59.52292183083,63.60809270649124,57.58332542453609,864.5350000000001,78.61696800242721,1021.7689360048545,707.3010639951457,1336663.0
SANVI,2026-02-05,890.0,910.0,874.2,885.0,-1.12,68209.0,60552260.5,-0.011173184357541888,-0.011236073266925842,900.6,869.585,895.1821150538065,841.0282285825214,55.816404348981145,54.15388647128509,61.71725145945001,56.027373608497804,869.585,76.3836595573186,1022.3523191146372,716.8176808853628,1268454.0
SANVI,2026-02-08,885.0,900.0,860.1,865.0,-2.26,73955.0,64482159.4,-0.02259887005649719,-0.022858138076050208,900.6,875.835,890.5387127378362,842.8039153541865,53.216954151675786,47.73479738364972,58.920760644289956,54.875418350747964,875.835,70.07601342752498,1015.98702685505,735.6829731449501,1194499.0
SANVI,2026-02-09,847.7,875.0,835.0,835.2,-3.45,67711.0,57621964.0,-0.03445086705202305,-0.03505828980350497,877.4399999999999,880.845,882.025064624323,842.2406623649875,49.516614886343014,39.78440225933548,55.093488967299066,53.81288846855168,880.845,62.667463857377484,1006.179927714755,755.5100722852451,1126788.0
SANVI,2026-02-10,835.0,875.0,831.0,850.0,1.77,50349.0,42843988.8,0.017720306513409945,0.017565132355987848,866.04,883.595,877.0981316051964,842.8154281157292,51.326754088017985,34.28270348946717,50.931331871732695,53.11196786365513,883.595,59.84533112862405,1003.2856622572481,763.904337742752,1177137.0
SANVI,2026-02-11,867.0,867.0,820.1,820.6,-3.46,65926.0,55209106.5,-0.034588235294117586,-0.03520056947627637,851.1600000000001,883.125,868.4061113582432,841.1698408478974,47.670131373678764,27.236270510345776,46.19231959945532,52.66825587339405,883.125,60.3233992742445,1003.771798548489,762.478201451511,1111211.0
SANVI,2026-02-12,820.0,850.0,811.0,835.0,1.75,63447.0,52478931.1,0.01754813551060197,0.017395944842769743,841.1600000000001,883.125,863.2667096108211,840.712815599905,49.56537478415771,22.55389401091611,41.46463448174748,51.69195188243734,883.125,60.3233992742445,1003.771798548489,762.478201451511,1174658.0
SANVI,2026-02-16,835.0,856.0,820.5,845.0,1.2,35349.0,29880286.7,0.011976047904191711,0.011904902506318458,837.1600000000001,884.125,860.4564465937717,841.0303848147269,50.89539953789592,19.426061779044858,37.056919941206964,50.53538389083467,884.125,59.468849652127034,1003.062699304254,765.187300695746,1210007.0
SANVI,2026-02-17,834.0,850.0,818.1,820.0,-2.96,39146.0,32509813.1,-0.029585798816568087,-0.03003228709887509,834.1200000000001,883.775,854.2323778870376,839.4725785321546,47.52140126217773,14.759799354883057,32.59749582394218,49.204285041489335,883.775,59.84217730171963,1003.4593546034392,764.0906453965607,1170861.0
SANVI,2026-02-22,808.5,832.0,790.1,790.1,-3.65,31792.0,25681224.9,-0.03646341463414626,-0.03714482052961112,822.1400000000001,882.0799999999999,844.3658582121087,835.8153504927357,43.78298578256875,8.550507719373059,27.78809820302836,48.68255039566867,882.0799999999999,62.06326653207597,1006.2065330641519,757.9534669358479,1139069.0
SANVI,2026-02-23,780.0,812.0,775.2,779.0,-1.4,33909.0,26733521.7,-0.014048854575370195,-0.014148473857939318,813.8199999999999,879.7849999999999,834.3095723333228,831.6068060117923,42.44795412198839,2.7027663215304756,22.771031826728784,47.83379679597805,879.7849999999999,65.06503851410548,1009.9150770282108,749.6549229717889,1105160.0
SANVI,2026-02-24,785.0,838.0,770.0,808.0,3.72,36291.0,28935549.8,0.037227214377406836,0.03655101265034702,808.42,877.0349999999999,830.2619458205038,829.8581537146225,46.99532203427319,0.4037921058812799,18.297583882559284,49.27423988197962,877.0349999999999,66.94688605627229,1010.9287721125445,743.1412278874552,1141451.0
SANVI,2026-02-25,824.1,832.0,792.0,804.0,-0.5,30665.0,25067247.6,-0.004950495049504955,-0.004962789342129014,800.22,872.8349999999998,826.2216464635032,827.9427349209468,46.450150553041155,-1.7210884574435568,14.293849414558716,48.61179417612393,872.8349999999998,68.8311838371314,1010.4973676742626,735.172632325737,1110786.0
SANVI,2026-02-26,805.1,819.9,795.0,815.0,1.37,32562.0,26133073.0,0.013681592039801016,0.013588844061896359,799.22,864.7450000000001,824.495239315272,826.9840138156915,48.22877523836458,-2.4887745004194812,10.937324631563078,46.918094592115075,864.7450000000001,65.3911749638881,995.5273499277763,733.9626500722239,1143348.0
SANVI,2026-03-01,799.0,829.0,783.4,810.0,-0.61,37820.0,30636629.9,-0.006134969325153339,-0.0061538655743782235,803.2,855.4950000000001,822.2652024975379,825.7259387182329,47.457179207750144,-3.4607362206950256,8.057712461111459,46.823944978392575,855.4950000000001,58.74275296847881,972.9805059369578,738.0094940630424,1105528.0
SANVI,2026-03-03,803.0,842.0,803.0,839.0,3.58,51813.0,42664147.1,0.03580246913580254,0.035176458800721795,815.2,846.695,824.8397867286859,826.7092025168823,52.23076482515246,-1.8694157881964202,6.072286811249883,46.26509176565025,846.695,45.215827166112206,937.1266543322245,756.2633456677756,1157341.0
SANVI,2026-03-09,855.7,907.0,855.7,892.0,6.32,9040.0,8016997.0,0.06317044100119196,0.06125542611280326,832.0,845.5450000000001,835.1721272319651,831.5455578860021,59.47676011581645,3.6265693459629347,5.583143318192494,47.81758521096094,845.5450000000001,43.65261763417781,932.8502352683557,758.2397647316444,1166381.0
SANVI,2026-03-10,909.0,909.0,845.0,859.0,-3.7,98825.0,85605427.5,-0.036995515695067316,-0.03769721059575406,843.0,845.2450000000001,838.8379538116628,833.5792202648169,53.985756786942574,5.258733546845974,5.518261363923191,48.973471981606586,845.2450000000001,43.53232888204671,932.3096577640936,758.1803422359067,1067556.0
SANVI,2026-03-11,856.0,860.0,834.0,856.0,-0.35,51235.0,43425215.1,-0.0034924330616996624,-0.0034985458425132814,851.2,840.4950000000001,841.4782686098686,835.2400187637193,53.50217731291588,6.2382498461493014,5.662259060368413,47.33250969720611,840.4950000000001,35.89935456097616,912.2937091219525,768.6962908780478,1016321.0
SANVI,2026-03-12,873.1,873.1,825.0,835.0,-2.45,51378.0,42877020.6,-0.02453271028037385,-0.024838651290886637,856.2,836.8950000000001,840.481611900658,835.2222395960364,50.11791233156701,5.259372304621593,5.581681709219049,47.38733043311997,836.8950000000001,32.309840036091764,901.5146800721836,772.2753199278166,964943.0
SANVI,2026-03-15,818.3,848.0,818.0,829.9,-0.61,25651.0,21172604.0,-0.006107784431137797,-0.006126513246453263,854.3799999999999,833.64,838.8536716082491,834.8279996259597,49.302278079377906,4.025671982289396,5.270479763833119,46.14537825932569,833.64,29.285732110758342,892.2114642215166,775.0685357784834,939292.0
SANVI,2026-03-16,846.4,846.4,815.0,818.0,-1.43,33056.0,27192042.5,-0.014339076997228584,-0.014442875001655238,839.5799999999999,830.29,835.6454144377492,833.5814811351479,47.36530197747817,2.063933302601299,4.629170471586755,45.09213695508814,830.29,26.830597223475404,883.9511944469508,776.6288055530491,906236.0
SANVI,2026-03-17,818.0,822.9,809.0,819.5,0.18,18926.0,15472085.4,0.001833740831295838,0.001832061581137315,831.68,828.015,833.1615045242494,832.5384084584703,47.64452316874536,0.6230960657791229,3.8279555904252285,42.86412717258184,828.015,25.6349530093078,879.2849060186156,776.7450939813843,925162.0
SANVI,2026-03-19,815.0,840.0,815.0,822.0,0.31,49171.0,40614563.9,0.003050640634533197,0.003045996872295486,824.8799999999999,827.3550000000001,831.4443499820571,831.7577856096947,48.13832896028014,-0.3134356276375456,2.999677346812674,41.58811808882599,827.3550000000001,25.610143446852586,878.5752868937053,776.134713106295,974333.0
SANVI,2026-03-22,838.0,838.0,816.0,818.0,-0.49,25201.0,20667760.0,-0.0048661800486617945,-0.004878058453432855,821.4799999999999,825.7550000000001,829.375988446356,830.738690379347,47.368510267206474,-1.3627019329909444,2.1272014908519505,40.18896679676699,825.7550000000001,25.11576303104336,875.9865260620868,775.5234739379134,949132.0
SANVI,2026-03-23,819.0,820.1,807.0,819.0,0.12,25883.0,21094899.3,0.0012224938875304847,0.0012217472503222913,819.3,825.675,827.779682531532,829.8691577586545,47.594142926401666,-2.0894752271225343,1.2838661472570536,38.254040596997925,825.675,25.13558758330189,875.9461751666038,775.4038248333961,975015.0
SANVI,2026-03-24,830.0,830.0,813.5,817.0,-0.24,21792.0,17885779.8,-0.0024420024420024333,-0.0024449889930665317,819.1,824.775,826.1212698343733,828.9158868135689,47.158698447025806,-2.7946169791956663,0.4681695219665096,36.70018055435522,824.775,25.106360590599518,874.987721181199,774.5622788188009,953223.0
SANVI,2026-03-25,817.0,846.0,810.0,839.9,2.8,57436.0,47708541.8,0.02802937576499387,0.02764374227157854,823.18,824.5200000000001,828.241074475239,829.7295248273786,52.51567468415864,-1.48845035213958,0.07684554714529174,36.65016765761556,824.5200000000001,24.915300731202525,874.3506014624052,774.689398537595,1010659.0
SANVI,2026-03-26,845.0,870.0,838.0,868.0,3.35,156348.0,134578705.8,0.033456363852839566,0.03290887752876868,832.3799999999999,826.9200000000001,834.3578322482791,832.5643748401653,58.12552313438277,1.7934574081137953,0.4201679193389925,36.318012824928736,826.9200000000001,26.704574810122313,880.3291496202447,773.5108503797554,1167007.0
SANVI,2026-03-29,885.3,885.3,828.3,830.0,-4.38,53383.0,45060470.4,-0.04377880184331795,-0.044766013869706536,834.78,828.915,833.6873965177747,832.3744211483013,49.59290405692867,1.3129753694734063,0.5987294093658753,37.79529762314811,828.915,25.26045953242774,879.4359190648554,778.3940809351445,1113624.0
SANVI,2026-03-30,830.0,836.1,814.1,815.0,-1.81,23381.0,19177191.1,-0.01807228915662651,-0.0182375875497809,833.9799999999999,830.7149999999999,830.812412438117,831.0874269891679,46.67992110846116,-0.2750145510508446,0.42398061728253134,36.66706207863753,830.7149999999999,22.665816483022425,876.0466329660447,785.3833670339551,1090243.0
SANVI,2026-03-31,815.0,820.0,788.9,809.0,-0.74,31591.0,25326203.1,-0.007361963190184007,-0.007389196182370977,832.3799999999999,830.765,827.4566566784067,829.4513212862664,45.527951072769525,-1.9946646078597041,-0.05974842774591571,36.26941478730628,830.765,22.614114712065835,875.9932294241316,785.5367705758683,1058652.0
SANVI,2026-04-01,802.2,803.0,750.0,770.0,-4.82,39974.0,31164382.3,-0.04820766378244745,-0.04940840221076214,818.4,829.0649999999999,818.6171710355749,825.047519709506,38.82164931129736,-6.430348673931121,-1.3338684769829567,37.893028016784406,829.0649999999999,25.787375022019237,880.6397500440385,777.4902499559614,1018678.0
SANVI,2026-04-02,925.0,930.0,875.0,895.0,-1.32,68799.0,61389626.9,0.16233766233766245,0.15043320342712593,823.8,833.0649999999999,830.3683754916403,830.2291849162093,59.44248973986927,0.13919057543103008,-1.0392566665001595,46.6149545870141,833.0649999999999,29.437163675583694,891.9393273511673,774.1906726488326,1087477.0
SANVI,2026-04-05,682.2,690.0,669.3,669.3,-3.42,10877.0,7386316.2,-0.25217877094972074,-0.29059132816825894,791.6600000000001,826.03,805.5886254160033,818.3085045520456,35.90795887759995,-12.719879136042323,-3.3753811604085926,59.406743545084524,826.03,46.882575598369044,919.7951511967381,732.2648488032619,1076600.0
SANVI,2026-04-06,672.1,737.0,667.3,708.9,4.11,50700.0,35523667.3,0.05916629314208888,0.05748208275437545,770.44,819.525,790.7134522750797,810.2041708815237,40.3689305215047,-19.490718606444034,-6.598448649615682,60.141976149007064,819.525,53.54115854083364,926.6073170816672,712.4426829183327,1127300.0
SANVI,2026-04-07,706.0,733.0,698.0,704.1,-0.68,23142.0,16445252.9,-0.0067710537452390085,-0.006794081335884229,749.4599999999999,810.13,777.3883057712212,802.3446026680775,40.00545488323735,-24.956296896856315,-10.27001829906381,58.346120709792274,810.13,56.55525570067177,923.2405114013435,697.0194885986565,1104158.0
SANVI,2026-04-08,696.0,769.0,696.0,769.0,9.22,48476.0,36117515.4,0.0921744070444539,0.08817057798055644,749.26,805.63,776.0977971910334,799.8746321000717,46.95930623116498,-23.77683490903837,-12.971381621058722,59.39282637337854,805.63,56.0403247670813,917.7106495341626,693.5493504658374,1152634.0
SANVI,2026-04-09,768.0,816.0,763.0,797.0,3.64,52377.0,41307643.0,0.03641092327698314,0.03576370928457111,729.6600000000001,802.6800000000001,779.3135207001052,799.6616963889553,49.669752022230355,-20.34817568885012,-14.446740434617002,58.936195918137216,802.6800000000001,54.7881719851432,912.2563439702865,693.1036560297136,1205011.0
SANVI,2026-04-10,812.9,812.9,761.1,776.9,-2.52,71389.0,55130173.9,-0.02521957340025094,-0.025543036833839943,751.1800000000001,799.775,778.942209823166,797.9756448045882,47.782110308846974,-19.03343498142226,-15.364079343978055,58.42646763827027,799.775,54.523957795487995,908.822915590976,690.727084409024,1133622.0
SANVI,2026-04-13,762.0,777.0,747.0,753.9,-2.96,47082.0,35626581.3,-0.029604839747715328,-0.03005190873871896,760.18,795.975,775.0895621580635,794.7107822264705,45.644481404520214,-19.62122006840707,-16.21550748886386,56.39600566410811,795.975,54.96054924838503,905.89609849677,686.05390150323,1086540.0
SANVI,2026-04-15,750.0,780.0,746.0,766.0,1.6,27245.0,20762863.0,0.01604987398859259,0.01592243652293505,772.5600000000001,793.375,773.6911679798998,792.5840576171024,46.98811981958826,-18.892889637202643,-16.750983918531617,54.79629097381468,793.375,55.093593810417865,903.5621876208357,683.1878123791643,1113785.0
SANVI,2026-04-16,755.0,760.0,738.0,741.0,-3.26,37455.0,27934150.7,-0.03263707571801566,-0.033181544444504406,766.96,789.45,768.6617575214536,788.7630163121319,44.538419859397564,-20.10125879067823,-17.42103889296094,52.882270189970775,789.45,55.92442739042855,901.2988547808571,677.601145219143,1076330.0
SANVI,2026-04-17,741.0,753.0,727.0,750.0,1.21,26416.0,19492431.5,0.012145748987854255,0.01207258123426924,757.5600000000001,785.85,765.7907179027684,785.8916817704925,45.63720750831712,-20.10096386772409,-17.95702388791357,50.96210803354429,785.85,56.03612086953567,897.9222417390714,673.7777582609286,1102746.0
SANVI,2026-04-20,787.5,787.5,731.0,741.0,-1.2,13126.0,9679503.5,-0.01200000000000001,-0.012072581234269249,750.3799999999999,782.0,761.9767613023424,782.5663720097153,44.68384783415609,-20.589610707372913,-18.48354125180544,51.35767174543398,782.0,56.35523606177953,894.710472123559,669.289527876441,1089620.0
SANVI,2026-04-21,710.0,751.9,703.3,720.0,-2.83,42667.0,30750382.3,-0.028340080971659964,-0.028749413285985938,743.6,777.05,755.5187980250589,777.9318259349217,42.45525544862969,-22.413027909862762,-19.269438583416907,51.160695192188705,777.05,57.27463386360908,891.5992677272181,662.5007322727818,1046953.0
SANVI,2026-04-22,720.0,723.0,690.0,711.0,-1.25,40033.0,28195531.5,-0.012499999999999956,-0.012578782206860073,732.6,771.75,748.6697521750498,772.9739129027053,41.49996441699914,-24.30416072765547,-20.27638301226462,49.86350267846094,771.75,58.278862287055986,888.307724574112,655.192275425888,1006920.0
SANVI,2026-04-23,711.0,729.0,698.0,704.0,-0.98,26846.0,18966304.7,-0.009845288326300938,-0.00989407364519843,725.2,764.955,741.7974826096574,767.8647341691716,40.73227921643898,-26.067251559514148,-21.434556721714525,48.51610962999945,764.955,57.83565168011089,880.6263033602219,649.2836966397782,980074.0
SANVI,2026-04-24,690.0,720.9,690.0,710.0,0.85,17649.0,12399804.0,0.008522727272727293,0.008486613877318725,717.2,757.0550000000001,736.9055622081718,763.5784575640478,41.72731425164278,-26.672895355875994,-22.48222444854682,47.25781608499949,757.0550000000001,53.65968274814472,864.3743654962896,649.7356345037106,997723.0
SANVI,2026-04-27,674.5,720.0,674.5,712.8,0.39,18467.0,13090011.1,0.003943661971830936,0.003935906121238399,711.5600000000001,751.195,733.1970141761453,759.8170903370813,42.214873811813675,-26.620076160935923,-23.309794791024643,47.13225779321381,751.195,51.63567182929958,854.4663436585993,647.9236563414008,1016190.0
SANVI,2026-04-28,712.8,710.0,692.0,704.0,-1.23,25439.0,17810802.2,-0.012345679012345623,-0.012422519998557096,708.36,745.6450000000001,728.7051658413538,755.682491052853,41.05232883218708,-26.977325211499192,-24.043300875119556,45.25138223655568,745.6450000000001,50.36647250534374,846.3779450106875,644.9120549893127,990751.0
SANVI,2026-04-29,704.0,707.0,685.0,697.0,-0.99,14799.0,10206785.5,-0.009943181818181768,-0.009992945397518466,705.5600000000001,740.0450000000001,723.8274480196071,751.3356398637528,40.10618816906333,-27.5081918441457,-24.736279068924787,43.590569219658846,740.0450000000001,49.16359880407854,838.3721976081572,641.717802391843,975952.0
SANVI,2026-04-30,690.5,699.0,670.0,693.0,-0.57,18017.0,12283028.2,-0.0057388809182209455,-0.005755411570620651,703.36,736.195,719.0847637088983,747.0144813553268,39.5453214711603,-27.929717646428458,-25.374966784425524,42.548385703968925,736.195,49.706300299596414,835.6076005991929,636.7823994008072,957935.0
SANVI,2026-05-01,754.8,786.9,740.0,784.0,5.95,151257.0,116276766.3,0.13131313131313127,0.12337902116050457,718.1600000000001,730.6450000000001,729.0717231382986,749.7541494030803,54.972650299068995,-20.682426264781725,-24.436458680496767,46.216358153685434,730.6450000000001,35.089246740876085,800.8234934817523,660.4665065182479,1109192.0
SANVI,2026-05-02,890.0,910.0,874.2,885.0,-1.12,68209.0,60552260.5,0.12882653061224492,0.12117862465752169,752.6,741.43,753.0606888093296,759.7723605584076,65.49675995921045,-6.71167174907805,-20.891501294213022,51.915189714136474,741.43,46.52660925127709,834.4832185025541,648.3767814974458,1177401.0
SANVI,2026-05-04,742.0,742.0,680.9,680.9,-9.99,58704.0,41293243.9,-0.23062146892655366,-0.26217219251900853,747.98,740.03,741.9590443771251,753.929963480007,43.41427825609962,-11.970919102881908,-19.107384855946798,62.78553330598387,740.03,47.95626406589514,835.9425281317903,644.1174718682097,1118697.0
SANVI,2026-05-05,669.3,680.0,660.0,667.0,-0.34,12410.0,8314949.0,-0.020414157732412952,-0.020625406573297214,741.98,738.175,730.4268837037213,747.4907069259324,42.36664655561283,-17.063823222211113,-18.698672529199662,59.79370949841359,738.175,50.08931890554138,838.3536378110828,637.9963621889171,1106287.0
SANVI,2026-05-06,693.0,705.0,680.0,689.5,-0.51,16254.0,11177403.3,0.033733133433283324,0.03317665131773275,741.28,734.2,724.130440056995,743.1950990054929,44.69316887258721,-19.064658948497936,-18.77186981305932,58.23701596281262,734.2,50.66552861141053,835.5310572228211,632.868942777179,1122541.0
SANVI,2026-05-07,694.0,694.0,660.0,669.0,1.21,6917.0,4629809.0,-0.029731689630166813,-0.030182637105128078,718.28,727.8,715.6488338943803,737.6991657458268,42.99038060517021,-22.050331851446458,-19.427562220736746,56.50580053689744,727.8,50.398893053842066,828.5977861076841,627.0022138923158,1115624.0
SANVI,2026-05-08,660.2,690.0,660.2,684.0,2.24,10726.0,7276662.6,0.022421524663677195,0.022173857494322075,678.08,723.155,710.7797825260142,733.7214497646544,44.65204443168397,-22.941667238640207,-20.13038322431744,54.59824335569048,723.155,49.91415235444892,822.9833047088978,623.3266952911022,1126350.0
SANVI,2026-05-11,683.0,715.0,683.0,706.1,3.23,26250.0,18328989.3,0.032309941520467955,0.031798952899750814,683.12,720.765,710.0598159835505,731.675416448754,47.09856125017628,-21.615600465203556,-20.427426672494665,52.9840831159983,720.765,49.507259170007565,819.7795183400151,621.7504816599849,1152600.0
SANVI,2026-05-12,706.1,711.0,678.0,683.9,-3.14,18516.0,12743059.6,-0.031440305905679145,-0.031945162418250864,686.5,716.6600000000001,706.0352289091581,728.1364967118093,44.94917847190417,-22.101267802651137,-20.76219489852596,51.55664860771271,716.6600000000001,48.959815961126246,814.5796319222526,618.7403680777476,1134084.0
SANVI,2026-05-13,685.0,685.0,665.0,681.5,-0.35,7960.0,5367254.8,-0.0035092849831845907,-0.003515456967462971,684.9,713.6850000000001,702.2605783077491,724.6819413998235,44.71162056721778,-22.42136309207433,-21.094028537235634,49.30260227859038,713.6850000000001,49.21006823597645,812.105136471953,615.2648635280472,1126124.0
SANVI,2026-05-14,670.0,689.0,665.0,685.0,0.51,5767.0,3876107.2,0.005135730007336692,0.005122587125637921,688.1,710.4350000000001,699.6051047219415,721.7425383331699,45.166748211160645,-22.137433611228403,-21.30270955203419,47.49527354440535,710.4350000000001,48.83041842087656,808.0958368417532,612.7741631582469,1131891.0
SANVI,2026-05-15,667.3,695.0,667.3,673.0,-1.75,6321.0,4263273.8,-0.017518248175182438,-0.01767350861749744,685.9,707.0350000000001,695.5120116877966,718.1319799381203,43.83441618828767,-22.61996825032361,-21.566161291692076,46.08132543409069,707.0350000000001,48.95741731879147,804.9498346375831,609.1201653624171,1125570.0
SANVI,2026-05-18,670.0,693.0,670.0,685.0,1.78,11629.0,7916223.6,0.017830609212481363,0.017673508617497422,681.6800000000001,705.2850000000001,693.8947791204433,715.6777592019632,45.56370250070565,-21.782980081519895,-21.60952504965764,44.43265933165564,705.2850000000001,49.094937835306595,803.4748756706133,607.0951243293869,1137199.0
SANVI,2026-05-19,680.0,705.0,676.0,699.8,2.16,35942.0,25020282.3,0.021605839416058314,0.021375741671362285,684.8599999999999,704.725,694.8032746403752,714.5016288907067,47.70237244929308,-19.698354250331477,-21.22729088979241,43.33032652225167,704.725,49.09019491550317,802.9053898310063,606.5446101689937,1173141.0
SANVI,2026-05-20,699.8,730.0,695.0,727.0,3.89,49601.0,35636276.5,0.03886824807087752,0.03813189759993184,693.9599999999999,705.875,699.7566170033944,715.4274341580617,51.475553546041,-15.670817154667361,-20.1159961427674,42.73530319923369,705.875,49.3410779542178,804.5571559084356,607.1928440915644,1222742.0
SANVI,2026-05-21,722.1,730.0,705.0,705.9,-2.9,21417.0,15338500.2,-0.029023383768913336,-0.02945289313209287,698.14,705.67,700.701752849026,714.7216982945016,48.549332305933326,-14.019945445475628,-18.896786003309046,41.468495827859854,705.67,49.33155390342274,804.3331078068454,607.0068921931545,1201325.0
SANVI,2026-05-22,670.7,744.0,670.7,739.0,4.69,75508.0,55516707.2,0.04689049440430648,0.04582433654677521,711.3399999999999,706.9799999999999,706.5937908722528,716.5200910134274,53.05752374426588,-9.926300141174579,-17.102688830882155,43.74217469729843,706.9799999999999,49.875725558632105,806.7314511172641,607.2285488827357,1276833.0
SANVI,2026-05-25,702.1,760.0,702.1,742.0,0.41,31996.0,23834241.8,0.004059539918809252,0.004051322219178724,722.74,708.8799999999999,712.0408999688293,718.4074916790994,53.45559131291292,-6.366591710270086,-14.955469406759741,44.753447933205685,708.8799999999999,50.476410331955925,809.8328206639118,607.927179336088,1308829.0
SANVI,2026-05-26,725.0,740.0,725.0,732.0,-1.35,24076.0,17593109.0,-0.013477088948787075,-0.013568729206068903,729.1800000000001,710.6299999999999,715.1115307428556,719.4143441473142,51.87643770913497,-4.302813404458561,-12.824938206299507,42.771058795119565,710.6299999999999,50.649280142439885,811.9285602848796,609.3314397151202,1284753.0
SANVI,2026-05-27,695.4,735.0,695.4,724.9,-0.97,26684.0,19315629.6,-0.009699453551912596,-0.009746799654479507,728.76,712.2249999999999,716.6174490901086,719.8206890252909,50.73054540849545,-3.203239935182296,-10.900598552076065,42.54455459546817,712.2249999999999,50.567088058705025,813.35917611741,611.0908238825898,1258069.0
SANVI,2026-06-01,705.0,730.0,705.0,706.0,-2.61,15053.0,10750501.0,-0.02607256173265271,-0.02641847681358993,728.78,708.325,714.9839953839381,718.7969342826768,47.70943846410911,-3.8129388987387074,-9.483066621408595,41.2913721243633,708.325,47.66466058224939,803.6543211644988,612.9956788355013,1243016.0
SANVI,2026-06-02,710.0,719.0,700.0,709.0,0.42,10483.0,7400623.2,0.004249291784702569,0.004240289038885442,722.78,699.525,714.0633807094861,718.071235446923,48.236383493836605,-4.007854737436901,-8.388024244614257,39.699131258337346,699.525,23.4004920101218,746.3259840202436,652.7240159797564,1253499.0
SANVI,2026-06-03,702.5,718.0,702.5,710.0,0.14,12509.0,8869648.5,0.0014104372355430161,0.001409443503233604,716.38,700.9799999999999,713.438245215719,717.4733661545583,48.42296209469551,-4.035120938839327,-7.517443583459272,37.97062188274182,700.9799999999999,23.084025007054137,747.1480500141082,654.8119499858916,1266008.0
SANVI,2026-06-04,672.1,737.0,667.3,708.9,4.11,50700.0,35523667.3,-0.0015492957746479075,-0.0015504971743892806,711.76,703.075,712.7400536440699,716.8383019949614,48.21708145471344,-4.098248350891481,-6.833604536945714,40.23700603397455,703.075,21.697535028564303,746.4700700571286,659.6799299428715,1215308.0
SANVI,2026-06-05,665.0,680.0,661.0,661.0,-0.9,9611.0,6435157.5,-0.06756947383269851,-0.06996063300928552,698.9799999999999,701.65,704.7800453911361,712.7021314768161,40.201517010767006,-7.922086085680007,-7.051300846692573,40.78436274583351,701.65,23.497245079280553,748.6444901585611,654.6555098414389,1205697.0
SANVI,2026-06-07,635.0,635.0,619.2,619.3,-2.47,3978.0,2470302.5,-0.06308623298033289,-0.0651640319076711,681.64,699.165,691.6292691771151,705.783455071126,34.780786530201965,-14.15418589401088,-8.471877856156235,40.85690826398826,699.165,29.093574530252415,757.3521490605048,640.9778509394952,1201719.0
SANVI,2026-06-08,600.0,604.0,596.0,597.0,-1.32,3408.0,2041219.3,-0.03600839657678012,-0.03667269455141304,659.24,694.8149999999999,677.0709200729435,697.7254213621537,32.274512491557445,-20.654501289210202,-10.908402542767028,39.6028433879891,694.8149999999999,36.929196479636005,768.673392959272,620.9566070407279,1198311.0
SANVI,2026-06-09,680.0,692.0,675.0,690.0,-0.29,21286.0,14536014.8,0.1557788944723617,0.1447744841987029,655.24,694.01,679.0600092924907,697.1531679279201,48.83361111555572,-18.093158635429404,-12.345353761299503,43.559783145989876,694.01,36.84563674803846,767.701273496077,620.318726503923,1219597.0
SANVI,2026-06-10,690.2,710.0,690.2,700.0,1.45,16508.0,11617735.2,0.01449275362318847,0.01438873745209967,653.46,694.8149999999999,682.2815463244152,697.3640443777037,50.24239935587261,-15.082498053288532,-12.89278261969731,41.87694149270489,694.8149999999999,36.788961087460976,768.3929221749219,621.237077825078,1236105.0
SANVI,2026-06-11,700.0,710.0,686.1,697.0,-0.43,8545.0,5993467.3,-0.004285714285714337,-0.004294924282880841,660.6600000000001,695.5899999999999,684.5459238129667,697.3370781275036,49.79941222925959,-12.791154314536811,-12.872456958665211,40.592874243225964,695.5899999999999,36.656727680065885,768.9034553601317,622.2765446398681,1227560.0
SANVI,2026-06-12,699.0,700.0,683.2,689.0,-1.15,17862.0,12308222.3,-0.011477761836441891,-0.011544139746865311,674.6,695.79,685.2311663032796,696.7195167847256,48.569600360636564,-11.488350481445991,-12.595635663221369,38.89338322585268,695.79,36.60678539344977,769.0035707868994,622.5764292131005,1209698.0
SANVI,2026-06-15,681.2,698.0,681.2,682.9,-0.89,11808.0,8110186.7,-0.008853410740203183,-0.008892835046614986,691.78,696.285,684.8725253335442,695.6958488747459,47.604250525888354,-10.823323541201717,-12.241173238817439,37.31528442400606,696.285,36.348420294350056,768.9818405887,623.5881594112999,1197890.0
SANVI,2026-06-16,680.0,690.0,680.0,683.0,0.01,10002.0,6823517.0,0.0001464343242056909,0.00014642360374658746,690.38,696.185,684.584444512999,694.7554156247647,47.62262939282735,-10.170971111765766,-11.827132813407106,35.3641926794342,696.185,36.383834973356,768.9526699467119,623.417330053288,1207892.0
SANVI,2026-06-17,703.4,703.4,680.0,688.0,0.73,5000.0,3443451.5,0.007320644216691097,0.007293978362553626,687.98,695.595,685.1099145879222,694.2550144673747,48.59357471337495,-9.145099879452573,-11.2907262266162,34.50960748804604,695.595,36.41778736884062,768.4305747376812,622.7594252623188,1212892.0
SANVI,2026-06-18,690.0,710.0,675.1,680.9,-1.03,5585.0,3801922.8,-0.010319767441860472,-0.010373385444422706,684.76,693.29,684.4622354205494,693.2657541364581,47.25401276480815,-8.803518715908695,-10.7932847244747,34.53749266747133,693.29,35.77874847035939,764.8474969407188,621.7325030592812,1207307.0
SANVI,2026-06-19,681.0,687.5,673.0,680.0,-0.13,6571.0,4457552.5,-0.001321779997062733,-0.001322654318768601,682.96,691.995,683.7757376635418,692.2831056819056,47.07685498040298,-8.507368018363763,-10.336101383252513,33.10624319122338,691.995,35.767030908365605,763.5290618167312,620.4609381832688,1200736.0
SANVI,2026-06-22,675.2,685.0,675.2,676.5,-0.51,14032.0,9528153.2,-0.0051470588235293935,-0.005160350559309635,681.68,688.87,682.6563934076123,691.1139867425052,46.349119990291655,-8.457593334892863,-9.960399773580583,31.44151153470742,688.87,34.13721691859705,757.1444338371941,620.5955661628059,1186704.0
SANVI,2026-06-23,676.0,678.8,664.2,665.2,-1.67,11906.0,7961637.4,-0.01670362158167027,-0.016844700292070025,678.12,685.03,679.9707944218258,689.1944321689863,43.985020774749806,-9.223637747160524,-9.813047368296573,30.238546425085456,685.03,32.10525616911021,749.2405123382204,620.8194876617796,1174798.0
SANVI,2026-06-24,655.1,673.9,646.5,673.9,1.31,15193.0,9927704.1,0.013078773301262725,0.01299398463339865,675.3,682.125,679.0368260492372,688.0615112675798,46.25783960709457,-9.024685218342597,-9.655374938305778,30.035793109007923,682.125,30.20379681605015,742.5325936321003,621.7174063678997,1189991.0
SANVI,2026-06-25,667.0,670.0,655.0,660.0,-2.06,8874.0,5889344.2,-0.020626205668496822,-0.020841896931700098,671.1200000000001,678.88,676.1080835801238,685.9828808033146,43.23915286199995,-9.874797223190853,-9.699259395282795,29.240379315507354,678.88,28.820982853323315,736.5219657066466,621.2380342933534,1181117.0
SANVI,2026-06-26,657.0,665.0,646.0,650.5,-1.44,10305.0,6720264.5,-0.014393939393939403,-0.014498537067911273,665.22,676.105,672.1683784139509,683.3545192623284,41.25749338318153,-11.186140848377477,-9.996635685901731,28.508923650113974,676.105,28.744106489760885,733.5932129795218,618.6167870204782,1170812.0
SANVI,2026-06-29,649.2,655.0,635.0,637.1,-2.06,8800.0,5626865.3,-0.02059953881629517,-0.020814668830117473,657.34,672.51,666.773243273343,679.9282585762301,38.5721977053929,-13.155015302887023,-10.62831160929879,27.901143389391546,672.51,28.90918448120592,730.3283689624118,614.6916310375882,1162012.0
SANVI,2026-06-30,607.0,635.0,607.0,613.5,-3.7,19886.0,12269938.1,-0.03704285041594735,-0.037746364971476466,647.0,667.6850000000001,658.5773596928287,675.0076468298427,34.333788453077275,-16.43028713701392,-11.788706714841817,28.05820457586358,667.6850000000001,30.340302794866535,728.3656055897331,607.004394410267,1142126.0
SANVI,2026-07-01,613.0,633.9,600.0,630.0,2.69,10963.0,6870678.8,0.02689486552567244,0.02653955523461231,638.22,663.74,654.1808428170089,671.6737470646691,39.35149468723019,-17.49290424766025,-12.929546221405504,28.47547567758761,663.74,29.824370112905225,723.3887402258105,604.0912597741896,1153089.0
SANVI,2026-07-02,633.9,633.9,620.0,633.0,0.48,4798.0,3007802.6,0.004761904761904745,0.004750602758597799,632.8199999999999,662.3399999999999,650.922251614392,668.8090250598789,40.2455320073174,-17.886773445486824,-13.92099166622177,27.434370272045637,662.3399999999999,30.606679697498038,723.553359394996,601.1266406050038,1157887.0
SANVI,2026-07-03,617.0,635.0,617.0,635.0,0.32,6005.0,3774442.4,0.003159557661927437,0.003154576748515567,629.72,663.125,648.4726744429472,666.3046528332212,40.871319897613134,-17.831978390274003,-14.703189011032219,26.760486681185235,663.125,29.630458635453884,722.3859172709077,603.8640827290923,1163892.0
SANVI,2026-07-04,706.0,733.0,698.0,704.1,-0.68,23142.0,16445252.9,0.10881889763779529,0.10329539263239589,643.12,668.48,657.0307245286476,669.1043081789086,57.45107463286253,-12.073583650260957,-14.177267938877968,31.84902334681486,668.48,26.570890284788945,721.6217805695779,615.3382194304221,1187034.0
SANVI,2026-07-05,694.0,694.0,660.0,669.0,1.21,6917.0,4629809.0,-0.04985087345547512,-0.051136331396859115,654.22,667.4300000000001,658.8721515242403,669.0965816471376,49.81067467030003,-10.224430122897274,-13.38670037568183,32.72409310775666,667.4300000000001,26.086235531607503,719.602471063215,615.2575289367851,1180117.0
SANVI,2026-07-06,635.0,635.0,619.2,619.3,-2.47,3978.0,2470302.5,-0.07428998505231699,-0.07719425218421332,652.08,663.395,652.7841282128186,665.4079459695719,41.412525103886736,-12.623817756753283,-13.234123851896122,33.9438007429169,663.395,27.008195150049055,717.4113903000981,609.3786096999019,1176139.0
SANVI,2026-07-07,588.4,628.9,588.4,620.0,0.11,6841.0,4234370.6,0.0011303084127241014,0.0011296700951220554,649.48,659.545,647.7404161800772,662.0443944162703,41.561970684586974,-14.303978236193075,-13.448094728755514,34.41210068985141,659.545,27.450231999786094,714.4454639995721,604.6445360004278,1182980.0
SANVI,2026-07-08,595.1,600.0,587.0,590.0,-1.17,10045.0,5928939.3,-0.048387096774193505,-0.04959694113937206,640.48,654.595,638.8572752292962,656.7077726076577,37.18427549647702,-17.850497378361524,-14.328575258676718,34.31123635486202,654.595,30.604135857411855,715.8032717148237,593.3867282851763,1172935.0
SANVI,2026-07-09,597.0,600.0,585.0,594.0,-1.64,10254.0,6081336.2,0.006779661016949046,0.006756782462879687,618.46,650.15,631.9561559632506,652.0627524144979,38.120159433439106,-20.106596451247356,-15.484179497190848,32.93186232951473,650.15,32.66341104435674,715.4768220887134,584.8231779112865,1183189.0
SANVI,2026-07-10,602.0,605.0,587.0,588.0,-1.01,8342.0,4944604.0,-0.010101010101010055,-0.010152371464017962,602.26,645.4,625.1936704304428,647.3173633467574,37.22426730480746,-22.123692916314553,-16.81208218101559,31.86530073454939,645.4,34.49128036261637,714.3825607252327,576.4174392747673,1174847.0
SANVI,2026-07-13,570.0,589.4,565.0,571.0,-2.89,14705.0,8373955.1,-0.028911564625850317,-0.02933773824261668,592.6,639.55,616.8561826719131,641.6642253210716,34.73350664266037,-24.80804264915855,-18.411274274644185,31.33206496779586,639.55,36.7348035175589,713.0196070351178,566.0803929648821,1160142.0
SANVI,2026-07-14,542.5,582.0,542.5,569.0,-0.35,16369.0,9188812.0,-0.003502626970227629,-0.003508775529679254,582.4,633.955,609.4936930300803,636.2816901121033,34.441526051268056,-26.787997082023026,-20.086618836119953,31.915488898667583,633.955,38.58065338728009,711.1163067745603,556.7936932254398,1143773.0
SANVI,2026-07-15,552.0,590.0,552.0,569.0,0.0,3637.0,2080644.5,0.0,0.0,578.2,628.405,603.2638941023756,631.2978612149105,34.44152605111216,-28.033967112534924,-21.67608849140295,32.35009683447704,628.405,39.57925393568245,707.5635078713649,549.246492128635,1143773.0
SANVI,2026-07-16,570.0,585.0,557.1,565.0,-0.7,6167.0,3457915.2,-0.007029876977152849,-0.0070547029798899265,572.4,622.83,597.3771411635486,626.3869085323246,33.78280666827966,-29.00976736877601,-23.14282426687756,32.03223277487154,622.83,40.29449616328019,703.4189923265604,542.2410076734396,1137606.0
SANVI,2026-07-17,565.0,607.7,565.0,607.7,7.56,19363.0,11469064.7,0.07557522123893823,0.07285560799486876,576.3399999999999,619.955,598.9652732922334,625.0026930854857,45.717932549605024,-26.037419793252297,-23.72174337215251,32.794216148095,619.955,39.14727220449212,698.2495444089843,541.6604555910158,1156969.0
SANVI,2026-07-20,635.0,635.0,597.0,633.0,4.16,20856.0,12931337.8,0.04163238440019734,0.04078908300286653,588.74,617.9100000000001,604.2013850934283,625.5950861902646,51.31694447906273,-21.393701096836367,-23.256134917089284,33.166057851802506,617.9100000000001,37.200833323999206,692.3116666479984,543.5083333520017,1177825.0
SANVI,2026-07-21,640.0,641.0,611.0,618.1,-2.35,22751.0,14207138.3,-0.02353870458135854,-0.02382016547894848,598.5600000000001,615.815,606.3396335405931,625.0398946206153,48.16596408707746,-18.700261080022187,-22.344960149675863,32.93991086238805,615.815,35.861447926267424,687.5378958525349,544.0921041474652,1155074.0
SANVI,2026-07-22,601.0,619.0,601.0,607.0,-1.8,15700.0,9546309.6,-0.01795825918136229,-0.018121465605729425,606.1600000000001,613.6400000000001,606.4412283805018,623.7036061301993,45.904639593853545,-17.26237774969752,-21.328443669680194,31.87277437221747,613.6400000000001,34.95475873031747,683.549517460635,543.7304825393652,1139374.0
SANVI,2026-07-23,595.0,634.9,595.0,634.0,4.45,16633.0,10267000.7,0.04448105436573302,0.04352016337772757,619.96,613.485,610.6810393988861,624.4663019724068,51.82890633496511,-13.78526257352064,-19.819807450448284,32.44614763134479,613.485,34.851976837385465,683.1889536747709,543.7810463252291,1156007.0
SANVI,2026-07-24,665.7,665.7,625.7,643.0,1.42,34711.0,22430959.1,0.014195583596214423,0.014095769800393376,627.0200000000001,614.96,615.6531871836728,625.8391684929693,53.65103102240561,-10.185981309296494,-17.89304222221793,32.98570851482017,614.96,35.4713880250128,685.9027760500256,544.0172239499744,1190718.0
SANVI,2026-07-27,635.0,640.0,612.0,616.0,-4.2,11695.0,7294419.0,-0.0419906687402799,-0.04289776070409957,623.6200000000001,614.26,615.7065430015693,625.1103411971939,47.80848064325894,-9.403798195624518,-16.195193416899247,32.843872192333016,614.26,35.29667346783129,684.8533469356626,543.6666530643374,1179023.0
SANVI,2026-07-28,600.2,621.1,600.2,605.3,-1.74,12008.0,7331984.3,-0.01737012987012998,-0.017522760635878338,621.06,612.875,614.1055363859433,623.6429085159202,45.68521298561611,-9.537372129976916,-14.863629159514781,31.990738464309228,612.875,35.0653356344676,683.0056712689352,542.7443287310648,1167015.0
SANVI,2026-07-29,618.0,618.9,598.0,598.5,-1.12,9226.0,5574796.4,-0.011234098793986402,-0.011297677899613662,619.36,611.05,611.7046846342597,621.7804708480743,44.33754996459741,-10.075786213814581,-13.906060570374741,31.198542859715708,611.05,34.80206436708166,680.6541287341632,541.4458712658367,1157789.0
SANVI,2026-07-30,582.0,601.9,582.0,593.5,-0.84,5263.0,3123578.2,-0.00835421888053467,-0.00838931094830511,611.26,605.52,608.9039639212966,619.6856211556243,43.32551579809975,-10.781657234327668,-13.281179903165327,30.39150408402173,605.52,27.193818957138994,659.907637914278,551.132362085722,1152526.0
SANVI,2026-07-31,586.0,607.0,586.0,604.0,1.77,6946.0,4134477.8,0.017691659646166702,0.017536983885092117,603.46,602.27,608.1495079334048,618.5237232922448,46.10750689956359,-10.374215358839933,-12.699786994300249,29.720682363734465,602.27,22.724809072209805,647.7196181444195,556.8203818555804,1159472.0
SANVI,2026-08-01,721.0,800.0,721.0,795.0,8.16,205667.0,158958116.7,0.3162251655629138,0.2747679167195169,639.26,611.0550000000001,636.8957374821118,631.5960400854118,72.5263337947939,5.299697396700026,-9.099890116100195,41.59777648061058,611.0550000000001,48.73301566483897,708.521031329678,513.5889686703222,1365139.0
SANVI,2026-08-02,885.0,900.0,860.1,865.0,-2.26,73955.0,64482159.4,0.08805031446540879,0.08438739227754741,691.2,623.3050000000001,671.9887009464023,648.8852223013073,76.9801913214479,23.103478645095038,-2.659216363861149,46.12650673199553,623.3050000000001,74.87885988645061,773.0627197729013,473.54728022709884,1439094.0
SANVI,2026-08-03,596.0,620.0,596.0,605.0,0.17,6953.0,4233824.8,-0.3005780346820809,-0.3575010489010378,692.5,624.0550000000001,661.6827469546481,645.634465093803,46.6983943813362,16.048281860845123,1.0822832810801053,62.04604196542442,624.0550000000001,74.60232446639608,773.2596489327923,474.8503510672079,1432141.0
SANVI,2026-08-04,696.0,769.0,696.0,769.0,9.22,48476.0,36117515.4,0.2710743801652893,0.23986251147480253,727.6,632.8050000000001,678.1930935770099,654.7726528646324,57.9379323292631,23.420440712377513,5.549914767339587,69.32846753932267,632.8050000000001,80.88950536965432,794.5840107393087,471.0259892606914,1480617.0
SANVI,2026-08-05,660.2,690.0,660.2,684.0,2.24,10726.0,7276662.6,-0.1105331599479844,-0.11713305188309353,743.6,637.605,679.0864637959315,656.9376415413262,51.83685446750312,22.148822254605307,8.869696264792731,72.14786271508534,637.605,80.93914852009415,799.4832970401883,475.72670295981175,1469891.0
SANVI,2026-08-06,676.0,699.0,676.0,692.0,0.36,13786.0,9466083.5,0.011695906432748648,0.011628037995119214,723.0,643.655,681.0731616734805,659.5348532790058,52.34548609735919,21.53830839447471,11.403418690729128,68.63730109257924,643.655,80.21756911510599,804.090138230212,483.219861769788,1483677.0
SANVI,2026-08-07,609.1,614.9,600.0,603.9,-2.6,10510.0,6370679.5,-0.1273121387283237,-0.13617733430381407,670.78,645.4,669.2003675698681,655.4137530361165,46.519205287213616,13.786614533751617,11.880057859333625,70.30606530025216,645.4,78.87648572293244,803.1529714458649,487.6470285541351,1473167.0
SANVI,2026-08-10,560.5,603.0,560.5,587.0,-0.51,4175.0,2460229.0,-0.027984765689683666,-0.028383801485758985,667.1800000000001,646.3,656.5541571745038,650.3460676260339,45.47360183187852,6.208089548469843,10.74566419716087,68.38420349309129,646.3,78.05730014074994,802.4146002814998,490.1853997185001,1468992.0
SANVI,2026-08-11,580.0,603.0,580.0,598.9,2.03,9026.0,5331330.1,0.020272572402044275,0.020069819442320253,633.1600000000001,647.995,647.6842868399648,646.5352478018832,46.38739224030818,1.1490390380815825,8.826339165345013,65.1424746721562,647.995,76.55253081175158,801.1000616235032,494.88993837649684,1478018.0
SANVI,2026-08-12,570.0,606.0,570.0,599.5,0.1,6572.0,3897179.5,0.0010018367006179307,0.0010013351971523475,616.26,647.5849999999999,640.2713196338163,643.0511553721141,46.436133940244005,-2.77983573829772,6.505104184616467,63.060869338430756,647.5849999999999,76.801255986166,801.1875119723319,493.98248802766796,1484590.0
SANVI,2026-08-13,590.0,600.0,586.0,595.0,-0.75,8995.0,5316897.1,-0.007506255212677226,-0.00753456892193917,596.86,645.685,633.3065012286138,639.4918105297352,46.09763421189451,-6.185309301121379,3.967021487468899,59.556521528542845,645.685,77.64646109806033,800.9779221961206,490.39207780387926,1475595.0
SANVI,2026-08-14,590.0,598.8,582.0,587.0,-1.34,5206.0,3065116.4,-0.013445378151260456,-0.013536585717533264,593.4799999999999,644.1299999999999,626.1824241165193,635.6035282682734,45.46314549111028,-9.421104151754093,1.2893963596243005,56.50248427650407,644.1299999999999,78.53431097297515,801.1986219459502,487.06137805404956,1470389.0
SANVI,2026-08-17,587.0,614.0,585.0,614.0,4.6,17410.0,10460587.6,0.04599659284497437,0.044970108319045944,598.8799999999999,644.4799999999999,624.3082050216701,634.003266915068,48.06146996046923,-9.695061893397906,-0.9074952909801408,54.53802111389663,644.4799999999999,78.37556412959044,801.2311282591808,487.72887174081905,1487799.0
SANVI,2026-08-18,615.0,615.0,590.0,599.8,-2.31,9944.0,5945945.7,-0.023127035830618925,-0.023398661832233783,599.0600000000001,642.77,620.5377119414131,631.469691588026,46.798637404871656,-10.931979646612831,-2.912392162106679,52.42816246290402,642.77,78.98695495226755,800.743909904535,484.7960900954649,1477855.0
SANVI,2026-08-19,592.0,597.0,582.0,590.0,-1.63,4022.0,2370380.8,-0.016338779593197628,-0.01647372941514347,597.1600000000001,640.12,615.839602411965,628.3978625815055,45.90223104497161,-12.558260169540517,-4.841565763593447,49.954722286982296,640.12,79.86304461224107,799.8460892244822,480.39391077551784,1473833.0
SANVI,2026-08-20,580.0,590.0,580.0,588.9,-0.19,5230.0,3061554.2,-0.001864406779661043,-0.0018661469492400886,595.94,638.765,611.6950481947396,625.4720949828754,45.79619527055389,-13.777046788135863,-6.62866196850193,47.10081355219785,638.765,80.52100265409652,799.8070053081931,477.72299469180695,1468603.0
SANVI,2026-08-21,586.0,589.0,572.0,573.0,-2.7,14119.0,8175977.9,-0.026999490575649432,-0.02737067323578542,593.14,637.15,605.7419638570874,621.5852731322921,44.206570702913695,-15.84330927520466,-8.471591429842476,44.95075544132658,637.15,81.54494078985537,800.2398815797108,474.0601184202892,1454484.0
SANVI,2026-08-24,573.0,592.2,565.2,576.8,0.66,4928.0,2824974.7,0.006631762652705042,0.006609869255999737,585.6999999999999,636.0649999999999,601.2893540329201,618.267845492863,44.700604552856255,-16.978491459942916,-10.172971435862564,43.668558624088966,636.0649999999999,82.22777271252777,800.5205454250555,471.6094545749444,1459412.0
SANVI,2026-08-25,576.8,578.0,565.0,568.5,-1.44,11125.0,6326017.1,-0.014389736477115056,-0.014494272780148528,579.4399999999999,634.8149999999999,596.2448380278555,614.5813384193176,43.78856526680812,-18.336500391462096,-11.805677226982471,41.4779472937969,634.8149999999999,83.09434254603536,801.0036850920707,468.6263149079292,1448287.0
SANVI,2026-08-26,551.5,570.0,551.0,564.7,-0.67,11404.0,6364507.6,-0.006684256816182899,-0.00670669651179968,574.38,632.85,591.39178602357,610.8864244623311,43.35244732278613,-19.494638438761058,-13.343469469338189,39.87237962995427,632.85,84.31708636232366,801.4841727246474,464.2158272753527,1436883.0
SANVI,2026-08-27,555.0,580.7,543.0,579.0,2.53,13434.0,7592387.6,0.0253231804497962,0.025007860894204086,572.4,622.05,589.4853574045593,608.524467094751,45.55018947139013,-19.039109690191708,-14.482597513508892,39.7172096563861,622.05,75.86430059825982,773.7786011965196,470.3213988034803,1450317.0
SANVI,2026-08-31,570.0,570.0,555.0,560.0,-3.28,3669.0,2052756.5,-0.032815198618307395,-0.033365693843800295,569.8,606.8,584.9491485730887,604.9300621247695,43.154534507712235,-19.98091355168083,-15.58226072114328,38.5945518237871,606.8,51.05554251060893,708.9110850212178,504.6889149787821,1446648.0
SANVI,2026-09-02,847.7,875.0,835.0,835.2,-3.45,67711.0,57621964.0,0.49142857142857155,0.3997344333991794,621.48,618.3100000000001,623.4492795618443,621.9870945599718,68.77270004547788,1.4621850018725127,-12.173371576540124,58.337798122088024,618.3100000000001,72.19870898393776,762.7074179678756,473.91258203212453,1514359.0
SANVI,2026-09-03,855.7,907.0,855.7,892.0,6.32,9040.0,8016997.0,0.06800766283524906,0.06579491545163513,686.1800000000001,624.46,664.7647750138683,641.9880505184924,71.61592686528306,22.776724495375902,-5.183352362156919,59.299383970510306,624.46,88.99518260173276,802.4503652034656,446.4696347965345,1523399.0
SANVI,2026-09-04,768.0,816.0,763.0,797.0,3.64,52377.0,41307643.0,-0.1065022421524664,-0.11261145378979437,732.64,630.11,685.1086557809655,653.4704171467523,61.52584654955056,31.638238634213167,2.180965837117099,64.27799940118814,630.11,96.26424651912416,822.6384930382483,437.5815069617517,1471022.0
SANVI,2026-09-06,680.0,692.0,675.0,690.0,-0.29,21286.0,14536014.8,-0.13425345043914683,-0.14416308119891,754.8399999999999,630.01,685.8611702762016,656.1763121729188,52.54598926234642,29.684858103282863,7.681744290350252,68.40099944396042,630.01,96.19758668600007,822.4051733720001,437.61482662799983,1449736.0
